Stuart,https://noriel.ro/media/catalog/product/cache/ed9f5ebe2a117625f6cd6336daddd764/j/u/jucarie-de-plus-minions-despicable-me-stuart-23-cm.jpg,0,29.99,"Ba-na-na! Minionii au acaparat cinematografele si au reusit sa aduca zambete largi pe chipul celor mici, dar si al celor mari. Minionii aduc un plus de veselie in viata fiecaruia.
Cei mici se vor indragosti de jucaria de plus Despicable Me - Stuart. Rasfat pufos pentru toata lumea!",Noriel,Plus
Mel,https://noriel.ro/media/catalog/product/cache/ed9f5ebe2a117625f6cd6336daddd764/j/u/jucarie-de-plus-minions-despicable-me-mel-23-cm.jpg,0,29.99,"Ba-na-na! Minionii au acaparat cinematografele si au reusit sa aduca zambete largi pe chipul celor mici, dar si al celor mari. Minionii aduc un plus de veselie in viata fiecaruia.
Cei mici se vor indragosti de jucaria de plus Despicable Me - Mel. Rasfat pufos pentru toata lumea!",Noriel,Plus
Carl,https://noriel.ro/media/catalog/product/cache/ed9f5ebe2a117625f6cd6336daddd764/j/u/jucarie-de-plus-minions-despicable-me-carl-23-cm.jpg,0,29.99,"Ba-na-na! Minionii au acaparat cinematografele si au reusit sa aduca zambete largi pe chipul celor mici, dar si al celor mari. Minionii aduc un plus de veselie in viata fiecaruia.
Cei mici se vor indragosti de jucaria de plus Despicable Me - Carl. Rasfat pufos pentru toata lumea!",Noriel,Plus
" Phlat Ball Junior Neon FX",https://noriel.ro/media/catalog/product/cache/ed9f5ebe2a117625f6cd6336daddd764/p/h/phlat-ball-junior-neon-fx_2.jpg,0,9.99,"Distractie in aer liber! Arunci mingea, se transforma intr-un disc, pentru ca mai apoi, cand te astepti mai putin, ai din nou in mana un obiect rotund..",Noriel,"Jocuri de Societate"
Stuart,https://noriel.ro/media/catalog/product/cache/ed9f5ebe2a117625f6cd6336daddd764/j/u/jucarie-de-plus-minions-despicable-me-stuart-23-cm.jpg,0,29.99,"Ba-na-na! Minionii au acaparat cinematografele si au reusit sa aduca zambete largi pe chipul celor mici, dar si al celor mari. Minionii aduc un plus de veselie in viata fiecaruia.
 Cei mici se vor indragosti de jucaria de plus Despicable Me - Stuart. Rasfat pufos pentru toata lumea!",Noriel,Plus
Stuart,https://noriel.ro/media/catalog/product/cache/ed9f5ebe2a117625f6cd6336daddd764/j/u/jucarie-de-plus-minions-despicable-me-stuart-23-cm.jpg,0,29.99,"Ba-na-na! Minionii au acaparat cinematografele si au reusit sa aduca zambete largi pe chipul celor mici, dar si al celor mari. Minionii aduc un plus de veselie in viata fiecaruia.
 Cei mici se vor indragosti de jucaria de plus Despicable Me - Stuart. Rasfat pufos pentru toata lumea!",Noriel,Plus
Stuart,https://noriel.ro/media/catalog/product/cache/ed9f5ebe2a117625f6cd6336daddd764/j/u/jucarie-de-plus-minions-despicable-me-stuart-23-cm.jpg,0,29.99,"Ba-na-na! Minionii au acaparat cinematografele si au reusit sa aduca zambete largi pe chipul celor mici, dar si al celor mari. Minionii aduc un plus de veselie in viata fiecaruia.
 Cei mici se vor indragosti de jucaria de plus Despicable Me - Stuart. Rasfat pufos pentru toata lumea!",Noriel,Plus
Stuart,https://noriel.ro/media/catalog/product/cache/ed9f5ebe2a117625f6cd6336daddd764/j/u/jucarie-de-plus-minions-despicable-me-stuart-23-cm.jpg,0,29.99,"Ba-na-na! Minionii au acaparat cinematografele si au reusit sa aduca zambete largi pe chipul celor mici, dar si al celor mari. Minionii aduc un plus de veselie in viata fiecaruia.
 Cei mici se vor indragosti de jucaria de plus Despicable Me - Stuart. Rasfat pufos pentru toata lumea!",Noriel,Plus
Stuart,https://noriel.ro/media/catalog/product/cache/ed9f5ebe2a117625f6cd6336daddd764/j/u/jucarie-de-plus-minions-despicable-me-stuart-23-cm.jpg,0,29.99,"Ba-na-na! Minionii au acaparat cinematografele si au reusit sa aduca zambete largi pe chipul celor mici, dar si al celor mari. Minionii aduc un plus de veselie in viata fiecaruia.
 Cei mici se vor indragosti de jucaria de plus Despicable Me - Stuart. Rasfat pufos pentru toata lumea!",Noriel,Plus
Stuart,https://noriel.ro/media/catalog/product/cache/ed9f5ebe2a117625f6cd6336daddd764/j/u/jucarie-de-plus-minions-despicable-me-stuart-23-cm.jpg,0,29.99,"Ba-na-na! Minionii au acaparat cinematografele si au reusit sa aduca zambete largi pe chipul celor mici, dar si al celor mari. Minionii aduc un plus de veselie in viata fiecaruia.
 Cei mici se vor indragosti de jucaria de plus Despicable Me - Stuart. Rasfat pufos pentru toata lumea!",Noriel,Plus
Stuart,https://noriel.ro/media/catalog/product/cache/ed9f5ebe2a117625f6cd6336daddd764/j/u/jucarie-de-plus-minions-despicable-me-stuart-23-cm.jpg,0,29.99,"Ba-na-na! Minionii au acaparat cinematografele si au reusit sa aduca zambete largi pe chipul celor mici, dar si al celor mari. Minionii aduc un plus de veselie in viata fiecaruia.
 Cei mici se vor indragosti de jucaria de plus Despicable Me - Stuart. Rasfat pufos pentru toata lumea!",Noriel,Plus
Stuart,https://noriel.ro/media/catalog/product/cache/ed9f5ebe2a117625f6cd6336daddd764/j/u/jucarie-de-plus-minions-despicable-me-stuart-23-cm.jpg,0,29.99,"Ba-na-na! Minionii au acaparat cinematografele si au reusit sa aduca zambete largi pe chipul celor mici, dar si al celor mari. Minionii aduc un plus de veselie in viata fiecaruia.
 Cei mici se vor indragosti de jucaria de plus Despicable Me - Stuart. Rasfat pufos pentru toata lumea!",Noriel,Plus
Stuart,https://noriel.ro/media/catalog/product/cache/ed9f5ebe2a117625f6cd6336daddd764/j/u/jucarie-de-plus-minions-despicable-me-stuart-23-cm.jpg,0,29.99,"Ba-na-na! Minionii au acaparat cinematografele si au reusit sa aduca zambete largi pe chipul celor mici, dar si al celor mari. Minionii aduc un plus de veselie in viata fiecaruia.
 Cei mici se vor indragosti de jucaria de plus Despicable Me - Stuart. Rasfat pufos pentru toata lumea!",Noriel,Plus
Stuart,https://noriel.ro/media/catalog/product/cache/ed9f5ebe2a117625f6cd6336daddd764/j/u/jucarie-de-plus-minions-despicable-me-stuart-23-cm.jpg,0,29.99,"Ba-na-na! Minionii au acaparat cinematografele si au reusit sa aduca zambete largi pe chipul celor mici, dar si al celor mari. Minionii aduc un plus de veselie in viata fiecaruia.
 Cei mici se vor indragosti de jucaria de plus Despicable Me - Stuart. Rasfat pufos pentru toata lumea!",Noriel,Plus
Stuart,https://noriel.ro/media/catalog/product/cache/ed9f5ebe2a117625f6cd6336daddd764/j/u/jucarie-de-plus-minions-despicable-me-stuart-23-cm.jpg,0,29.99,"Ba-na-na! Minionii au acaparat cinematografele si au reusit sa aduca zambete largi pe chipul celor mici, dar si al celor mari. Minionii aduc un plus de veselie in viata fiecaruia.
 Cei mici se vor indragosti de jucaria de plus Despicable Me - Stuart. Rasfat pufos pentru toata lumea!",Noriel,Plus
Stuart,https://noriel.ro/media/catalog/product/cache/ed9f5ebe2a117625f6cd6336daddd764/j/u/jucarie-de-plus-minions-despicable-me-stuart-23-cm.jpg,0,29.99,"Ba-na-na! Minionii au acaparat cinematografele si au reusit sa aduca zambete largi pe chipul celor mici, dar si al celor mari. Minionii aduc un plus de veselie in viata fiecaruia.
 Cei mici se vor indragosti de jucaria de plus Despicable Me - Stuart. Rasfat pufos pentru toata lumea!",Noriel,Plus
